url,hits_404log,first_seen,last_seen,gsc_clicks,gsc_impr,current_status,current_target,wrong_audience_now,intent,proposed_rule,proposed_destination,dest_h1
/p/akron-oh,110,2026-07-07,2026-08-19,0,0,301,/p/become-a-swimming-pool-host-akron-oh,True,guest-city,2 public-pools city hub,/public-pools/ohio/akron/,
/p/boston-ma,86,2026-07-31,2026-08-19,0,0,301,/p/become-a-swimming-pool-host-boston-ma,True,guest-city,2 public-pools city hub,/public-pools/massachusetts/boston/,
/p/blackhawk-ca,78,2026-07-08,2026-08-16,0,0,301,/p/become-a-swimming-pool-host-blackhawk-ca,True,guest-city,3 search,/s?address=Blackhawk%2C+CA,
/p/bloomington-mn,72,2026-07-08,2026-08-13,0,0,301,/p/become-a-swimming-pool-host-bloomington-mn,True,guest-city,3 search,/s?address=Bloomington%2C+MN,
/p/bend-or,68,2026-07-07,2026-08-19,0,0,301,/p/become-a-swimming-pool-host-bend-or,True,guest-city,3 search,/s?address=Bend%2C+OR,
/p/baltimore-md,60,2026-07-06,2026-08-19,0,0,301,/p/become-a-swimming-pool-host-baltimore-md,True,guest-city,2 public-pools city hub,/public-pools/maryland/baltimore/,
/p/orlando-fl,53,2026-07-07,2026-08-17,0,0,301,/p/become-a-swimming-pool-host-orlando-fl,True,guest-city,2 public-pools city hub,/public-pools/florida/orlando/,
/p/las-vegas-nv,50,2026-07-09,2026-08-17,0,0,301,/p/become-a-swimming-pool-host-las-vegas-nv,True,guest-city,2 public-pools city hub,/public-pools/nevada/las-vegas/,
/p/miami-fl,49,2026-07-07,2026-08-17,0,0,301,/p/become-a-swimming-pool-host-miami-fl,True,guest-city,2 public-pools city hub,/public-pools/florida/miami/,
/p/avon-in,48,2026-07-06,2026-08-19,0,0,301,/p/become-a-swimming-pool-host-avon-in,True,guest-city,3 search,/s?address=Avon%2C+IN,
/p/atlanta-ga,44,2026-07-07,2026-08-17,0,0,301,/p/become-a-swimming-pool-host-atlanta-ga,True,guest-city,2 public-pools city hub,/public-pools/georgia/atlanta/,
/p/brentwood-tn,33,2026-09-09,2026-09-23,0,0,404,,False,guest-city,3 search,/s?address=Brentwood%2C+TN,
/p/brandon-fl,28,2026-09-09,2026-09-22,0,0,404,,False,guest-city,3 search,/s?address=Brandon%2C+FL,
/p/brambleton-va,26,2026-09-09,2026-09-22,0,0,404,,False,guest-city,3 search,/s?address=Brambleton%2C+VA,
/p/charlotte-nc,20,2026-07-06,2026-08-18,0,0,301,/p/become-a-swimming-pool-host-charlotte-nc,True,guest-city,2 public-pools city hub,/public-pools/north-carolina/charlotte/,
/p/houston-tx,18,2026-07-07,2026-07-16,0,0,301,/p/become-a-swimming-pool-host-houston-tx,True,guest-city,2 public-pools city hub,/public-pools/texas/houston/,
/p/this-cms-page-does-not-exist-zz,16,2026-09-02,2026-09-02,0,0,404,,False,guest-city,LEAVE 404 (not a US city URL),,
/p/dallas-tx,11,2026-07-07,2026-07-16,0,0,301,/p/become-a-swimming-pool-host-dallas-tx,True,guest-city,2 public-pools city hub,/public-pools/texas/dallas/,
/p/scottsdale-az,10,2026-09-08,2026-09-11,0,0,404,,False,guest-city,2 public-pools city hub,/public-pools/arizona/scottsdale/,
/p/is-renting-out-your-pool-worth-it,9,2026-07-10,2026-07-16,0,0,301,/p/pool-rentals,False,guest-city,LEAVE 404 (not a US city URL),,
/p/bull-run-va,7,2026-07-11,2026-07-16,0,0,301,/p/pool-rentals,False,guest-city,3 search,/s?address=Bull+Run%2C+VA,
/p/carmel-in,7,2026-07-10,2026-07-16,0,0,301,/p/become-a-swimming-pool-host-carmel-in,True,guest-city,2 public-pools city hub,/public-pools/indiana/carmel/,
/p/evansville-in,7,2026-07-11,2026-07-16,0,0,301,/p/become-a-swimming-pool-host-evansville-in,True,guest-city,3 search,/s?address=Evansville%2C+IN,
/p/gary-in,7,2026-07-07,2026-07-16,0,0,301,/p/become-a-swimming-pool-host-gary-in,True,guest-city,3 search,/s?address=Gary%2C+IN,
/p/san-antonio-tx,7,2026-07-07,2026-07-16,0,0,301,/p/become-a-swimming-pool-host-san-antonio-tx,True,guest-city,2 public-pools city hub,/public-pools/texas/san-antonio/,
/p/china-grove-tx,6,2026-07-07,2026-07-16,0,0,301,/p/pool-rentals,False,guest-city,3 search,/s?address=China+Grove%2C+TX,
/p/fort-wayne-in,6,2026-07-11,2026-07-16,0,0,301,/p/become-a-swimming-pool-host-fort-wayne-in,True,guest-city,2 public-pools city hub,/public-pools/indiana/fort-wayne/,
/p/greenwood-in,6,2026-07-11,2026-07-16,0,0,301,/p/become-a-swimming-pool-host-greenwood-in,True,guest-city,3 search,/s?address=Greenwood%2C+IN,
/p/is-building-a-pool-worth-it,6,2026-07-21,2026-09-01,0,0,404,,False,guest-city,LEAVE 404 (not a US city URL),,
/p/issaquah-wa,6,2026-07-11,2026-07-16,0,0,301,/p/become-a-swimming-pool-host-issaquah-wa,True,guest-city,2 public-pools city hub,/public-pools/washington/issaquah/,
/p/renton-wa,6,2026-07-11,2026-07-16,0,0,301,/p/become-a-swimming-pool-host-renton-wa,True,guest-city,3 search,/s?address=Renton%2C+WA,
/p/springfield-oh,6,2026-07-07,2026-07-16,0,0,301,/p/become-a-swimming-pool-host-springfield-oh,True,guest-city,3 search,/s?address=Springfield%2C+OH,
/p/bellevue-wa,5,2026-07-09,2026-07-16,0,0,301,/p/become-a-swimming-pool-host-bellevue-wa,True,guest-city,2 public-pools city hub,/public-pools/washington/bellevue/,
/p/collierville-tn,5,2026-07-11,2026-07-16,0,0,301,/p/become-a-swimming-pool-host-collierville-tn,True,guest-city,3 search,/s?address=Collierville%2C+TN,
/p/elkhart-in,5,2026-07-07,2026-07-16,0,0,301,/p/become-a-swimming-pool-host-elkhart-in,True,guest-city,3 search,/s?address=Elkhart%2C+IN,
/p/fort-worth-tx,5,2026-07-14,2026-07-16,0,0,301,/p/become-a-swimming-pool-host-fort-worth-tx,True,guest-city,2 public-pools city hub,/public-pools/texas/fort-worth/,
/p/gainesville-va,5,2026-07-14,2026-07-16,0,0,301,/p/pool-rentals,False,guest-city,3 search,/s?address=Gainesville%2C+VA,
/p/hammond-in,5,2026-07-11,2026-07-16,0,0,301,/p/become-a-swimming-pool-host-hammond-in,True,guest-city,3 search,/s?address=Hammond%2C+IN,
/p/lafayette-in,5,2026-07-11,2026-07-16,0,0,301,/p/become-a-swimming-pool-host-lafayette-in,True,guest-city,3 search,/s?address=Lafayette%2C+IN,
/p/manassas-va,5,2026-07-11,2026-07-16,0,0,301,/p/become-a-swimming-pool-host-manassas-va,True,guest-city,3 search,/s?address=Manassas%2C+VA,
/p/memphis-tn,5,2026-07-11,2026-07-16,0,0,301,/p/become-a-swimming-pool-host-memphis-tn,True,guest-city,2 public-pools city hub,/public-pools/tennessee/memphis/,
/p/noblesville-in,5,2026-07-11,2026-07-16,0,0,301,/p/become-a-swimming-pool-host-noblesville-in,True,guest-city,3 search,/s?address=Noblesville%2C+IN,
/p/pools-for-rent-in-discovery-bay-ca,5,2026-07-08,2026-07-16,0,0,301,/p/pool-rentals,False,guest-city,3 search,/s?address=Pools+For+Rent+In+Discovery+Bay%2C+CA,
/p/south-bend-in,5,2026-07-10,2026-07-16,0,0,301,/p/become-a-swimming-pool-host-south-bend-in,True,guest-city,3 search,/s?address=South+Bend%2C+IN,
/p/south-seattle-wa,5,2026-07-10,2026-07-16,0,0,301,/p/pool-rentals,False,guest-city,3 search,/s?address=South+Seattle%2C+WA,
/p/st-hedwig-tx,5,2026-07-07,2026-07-16,0,0,301,/p/pool-rentals,False,guest-city,3 search,/s?address=St+Hedwig%2C+TX,
/p/thousandoaks-ca,5,2026-07-10,2026-07-16,0,0,301,/p/pool-rentals,False,guest-city,3 search,/s?address=Thousandoaks%2C+CA,
/p/von-ormy-tx,5,2026-07-07,2026-07-16,0,0,301,/p/pool-rentals,False,guest-city,3 search,/s?address=Von+Ormy%2C+TX,
/p/arlington-tx,4,2026-07-14,2026-07-16,0,0,301,/p/become-a-swimming-pool-host-arlington-tx,True,guest-city,2 public-pools city hub,/public-pools/texas/arlington/,
/p/bristow-va,4,2026-07-14,2026-07-16,0,0,301,/p/pool-rentals,False,guest-city,3 search,/s?address=Bristow%2C+VA,
/p/cedar-hill-tx,4,2026-07-09,2026-07-16,0,0,301,/p/become-a-swimming-pool-host-cedar-hill-tx,True,guest-city,3 search,/s?address=Cedar+Hill%2C+TX,
/p/centreville-va,4,2026-07-14,2026-07-16,0,0,301,/p/pool-rentals,False,guest-city,3 search,/s?address=Centreville%2C+VA,
/p/chapel-hill-nc,4,2026-07-09,2026-07-16,0,0,301,/p/become-a-swimming-pool-host-chapel-hill-nc,True,guest-city,2 public-pools city hub,/public-pools/north-carolina/chapel-hill/,
/p/city-fort-myers-florida-fl,4,2026-07-10,2026-07-16,0,0,301,/p/pool-rentals,False,guest-city,3 search,/s?address=City+Fort+Myers+Florida%2C+FL,
/p/cranston-ri,4,2026-07-07,2026-07-16,0,0,301,/p/become-a-swimming-pool-host-cranston-ri,True,guest-city,3 search,/s?address=Cranston%2C+RI,
/p/east-providence-ri,4,2026-07-12,2026-07-16,0,0,301,/p/become-a-swimming-pool-host-east-providence-ri,True,guest-city,3 search,/s?address=East+Providence%2C+RI,
/p/ellicott-city-md,4,2026-07-14,2026-07-16,0,0,301,/p/become-a-swimming-pool-host-ellicott-city-md,True,guest-city,3 search,/s?address=Ellicott+City%2C+MD,
/p/germantown-md,4,2026-07-13,2026-07-16,0,0,301,/p/become-a-swimming-pool-host-germantown-md,True,guest-city,3 search,/s?address=Germantown%2C+MD,
/p/how-monthly-pool-maintenance-costs-add-up,4,2026-07-10,2026-07-16,0,0,301,/p/pool-rentals,False,guest-city,LEAVE 404 (not a US city URL),,
/p/jeffersonville-in,4,2026-07-13,2026-07-16,0,0,301,/p/become-a-swimming-pool-host-jeffersonville-in,True,guest-city,2 public-pools city hub,/public-pools/indiana/jeffersonville/,
/p/louisville-ky,4,2026-07-12,2026-07-16,0,0,301,/p/become-a-swimming-pool-host-louisville-ky,True,guest-city,2 public-pools city hub,/public-pools/kentucky/louisville/,
/p/mansfield-tx,4,2026-07-07,2026-07-16,0,0,301,/p/become-a-swimming-pool-host-mansfield-tx,True,guest-city,2 public-pools city hub,/public-pools/texas/mansfield/,
/p/naples-fl,4,2026-07-10,2026-07-16,0,0,301,/p/become-a-swimming-pool-host-naples-fl,True,guest-city,2 public-pools city hub,/public-pools/florida/naples/,
/p/pool-rental-near-me,4,2026-07-13,2026-07-16,0,0,301,/,False,guest-city,3 search,/s?address=Pool+Rental+Near%2C+ME,
/p/woodbury-mn,4,2026-07-08,2026-07-16,0,0,301,/p/become-a-swimming-pool-host-woodbury-mn,True,guest-city,2 public-pools city hub,/public-pools/minnesota/woodbury/,
/p/woonsocket-ri,4,2026-07-10,2026-07-16,0,0,301,/p/become-a-swimming-pool-host-woonsocket-ri,True,guest-city,3 search,/s?address=Woonsocket%2C+RI,
/p/bethesda-md,3,2026-07-08,2026-07-18,0,0,200,,False,guest-city,KEEP (live page),/p/bethesda-md,
/p/billings-mt,3,2026-07-08,2026-07-18,0,0,200,,False,guest-city,KEEP (live page),/p/billings-mt,
/p/biloxi-ms,3,2026-07-08,2026-07-18,0,0,200,,False,guest-city,KEEP (live page),/p/biloxi-ms,
/p/desoto-tx,3,2026-07-14,2026-07-16,0,0,301,/p/become-a-swimming-pool-host-desoto-tx,True,guest-city,3 search,/s?address=Desoto%2C+TX,
/p/frederick-md,3,2026-07-14,2026-07-16,0,0,301,/p/become-a-swimming-pool-host-frederick-md,True,guest-city,3 search,/s?address=Frederick%2C+MD,
/p/gaithersburg-md,3,2026-07-14,2026-07-16,0,0,301,/p/become-a-swimming-pool-host-gaithersburg-md,True,guest-city,2 public-pools city hub,/public-pools/maryland/gaithersburg/,
/p/grand-prairie-tx,3,2026-07-14,2026-07-16,0,0,301,/p/become-a-swimming-pool-host-grand-prairie-tx,True,guest-city,2 public-pools city hub,/public-pools/texas/grand-prairie/,
/p/guide-to-kids-birthday-pool-parties-in-merced-ca,3,2026-07-11,2026-07-16,0,0,301,/p/pool-rentals,False,event-guest,3 search,/s?address=Birthday+Pool+Parties+In+Merced%2C+CA,
/p/indianapolis-in,3,2026-07-14,2026-07-16,0,0,301,/p/become-a-swimming-pool-host-indianapolis-in,True,guest-city,2 public-pools city hub,/public-pools/indiana/indianapolis/,
/p/jackson-tn,3,2026-07-14,2026-07-16,0,0,301,/p/become-a-swimming-pool-host-jackson-tn,True,guest-city,3 search,/s?address=Jackson%2C+TN,
/p/stillwater-mn,3,2026-07-08,2026-07-16,0,0,301,/p/become-a-swimming-pool-host-stillwater-mn,True,guest-city,3 search,/s?address=Stillwater%2C+MN,
/p/warwick-ri,3,2026-07-15,2026-07-16,0,0,301,/p/become-a-swimming-pool-host-warwick-ri,True,guest-city,3 search,/s?address=Warwick%2C+RI,
/p/what-to-do-when-your-pool-chemicals-are-all-messed-up,3,2026-07-10,2026-07-16,0,0,301,/p/pool-rentals,False,guest-city,LEAVE 404 (not a US city URL),,
/p/brooklyn-ny,2,2026-07-09,2026-07-29,0,0,301,/p/become-a-swimming-pool-host-brooklyn-ny,True,guest-city,2 public-pools city hub,/public-pools/new-york/brooklyn/,
/p/graduation-pool-party-ocala-fl,2,2026-07-15,2026-07-15,0,0,200,,False,guest-city,KEEP (live page),/p/graduation-pool-party-ocala-fl,
/p/guide-to-kids-birthday-party-pool-rental-la-vergne-tn,2,2026-07-15,2026-07-15,0,0,200,,False,event-guest,KEEP (live page),/p/guide-to-kids-birthday-party-pool-rental-la-vergne-tn,
/p/irvine-ca,2,2026-07-13,2026-07-16,0,0,301,/p/become-a-swimming-pool-host-irvine-ca,True,guest-city,2 public-pools city hub,/public-pools/california/irvine/,
/p/kids-birthday-pool-party-lenexa-ks,2,2026-07-15,2026-07-15,0,0,200,,False,guest-city,KEEP (live page),/p/kids-birthday-pool-party-lenexa-ks,
/p/modesto-ca,2,2026-07-15,2026-07-16,0,0,301,/p/become-a-swimming-pool-host-modesto-ca,True,guest-city,3 search,/s?address=Modesto%2C+CA,
/p/pawtucket-ri,2,2026-07-15,2026-07-16,0,0,301,/p/become-a-swimming-pool-host-pawtucket-ri,True,guest-city,3 search,/s?address=Pawtucket%2C+RI,
/p/pool-rental-austin-tx,2,2026-09-22,2026-09-22,0,0,404,,False,guest-city,3 search,/s?address=Pool+Rental+Austin%2C+TX,
/p/queens-ny,2,2026-07-09,2026-07-29,0,0,301,/p/become-a-swimming-pool-host-queens-ny,True,guest-city,2 public-pools city hub,/public-pools/new-york/queens/,
/p/redmond-wa,2,2026-08-30,2026-09-22,0,0,404,,False,guest-city,3 search,/s?address=Redmond%2C+WA,
/p/rent-a-private-pool-norco-ca,2,2026-08-15,2026-09-13,0,0,404,,False,guest-city,3 search,/s?address=Rent+A+Private+Pool+Norco%2C+CA,
/p/shoreline-wa,2,2026-09-17,2026-09-22,0,0,404,,False,guest-city,3 search,/s?address=Shoreline%2C+WA,
/p/vancouver-wa,2,2026-08-27,2026-09-22,0,0,404,,False,guest-city,2 public-pools city hub,/public-pools/washington/vancouver/,
/p/yakima-wa,2,2026-08-28,2026-09-22,0,0,404,,False,guest-city,3 search,/s?address=Yakima%2C+WA,
/p/albuquerque-nm,1,2026-07-29,2026-07-29,0,0,301,/p/become-a-swimming-pool-host-albuquerque-nm,True,guest-city,2 public-pools city hub,/public-pools/new-mexico/albuquerque/,
/p/alquiler-de-piscinas-miami-fl,1,2026-08-10,2026-08-10,0,0,404,,False,guest-city,3 search,/s?address=Alquiler+De+Piscinas+Miami%2C+FL,
/p/bellingham-wa,1,2026-07-17,2026-07-17,0,0,301,/p/become-a-swimming-pool-host-bellingham-wa,True,guest-city,3 search,/s?address=Bellingham%2C+WA,
/p/boise-id,1,2026-07-29,2026-07-29,0,0,301,/p/become-a-swimming-pool-host-boise-id,True,guest-city,2 public-pools city hub,/public-pools/idaho/boise/,
/p/bothell-wa,1,2026-09-22,2026-09-22,0,0,404,,False,guest-city,3 search,/s?address=Bothell%2C+WA,
/p/chantilly-va,1,2026-07-15,2026-07-15,0,0,200,,False,guest-city,KEEP (live page),/p/chantilly-va,
/p/charlotte-hall-md,1,2026-07-15,2026-07-15,3,22,200,,False,guest-city,KEEP (live page),/p/charlotte-hall-md,
/p/cincinnati-oh,1,2026-09-16,2026-09-16,0,0,200,,False,guest-city,KEEP (live page),/p/cincinnati-oh,
/p/corporate-pool-event-venue-lenexa-ks,1,2026-07-15,2026-07-15,0,0,200,,False,event-guest,KEEP (live page),/p/corporate-pool-event-venue-lenexa-ks,
/p/corporate-pool-event-venue-midland-mi,1,2026-07-15,2026-07-15,0,0,200,,False,event-guest,KEEP (live page),/p/corporate-pool-event-venue-midland-mi,
/p/east-northport-ny,1,2026-07-15,2026-07-15,0,0,200,,False,guest-city,KEEP (live page),/p/east-northport-ny,
/p/edmonds-wa,1,2026-09-22,2026-09-22,0,0,404,,False,guest-city,3 search,/s?address=Edmonds%2C+WA,
/p/everett-wa,1,2026-09-22,2026-09-22,0,0,404,,False,guest-city,3 search,/s?address=Everett%2C+WA,
/p/family-reunion-pool-rental-owasso-ok,1,2026-09-16,2026-09-16,0,0,200,,False,guest-city,KEEP (live page),/p/family-reunion-pool-rental-owasso-ok,
/p/family-reunion-pool-rental-portage-mi,1,2026-07-15,2026-07-15,0,0,200,,False,guest-city,KEEP (live page),/p/family-reunion-pool-rental-portage-mi,
/p/federal-way-wa,1,2026-09-22,2026-09-22,0,0,404,,False,guest-city,3 search,/s?address=Federal+Way%2C+WA,
/p/fontana-ca,1,2026-09-13,2026-09-13,0,0,404,,False,guest-city,2 public-pools city hub,/public-pools/california/fontana/,
/p/gastonia-nc,1,2026-07-16,2026-07-16,0,0,301,/p/become-a-swimming-pool-host-gastonia-nc,True,guest-city,3 search,/s?address=Gastonia%2C+NC,
/p/glendora-ca,1,2026-07-15,2026-07-15,0,0,200,,False,guest-city,KEEP (live page),/p/glendora-ca,
/p/graduation-pool-party-bowling-green-ky,1,2026-07-15,2026-07-15,0,0,200,,False,guest-city,KEEP (live page),/p/graduation-pool-party-bowling-green-ky,
/p/graduation-pool-party-gallatin-tn,1,2026-07-15,2026-07-15,0,0,200,,False,guest-city,KEEP (live page),/p/graduation-pool-party-gallatin-tn,
/p/graduation-pool-party-gastonia-nc,1,2026-09-16,2026-09-16,0,0,200,,False,guest-city,KEEP (live page),/p/graduation-pool-party-gastonia-nc,
/p/guide-to-family-reunion-pool-rental-joliet-il,1,2026-07-15,2026-07-15,0,0,200,,False,event-guest,KEEP (live page),/p/guide-to-family-reunion-pool-rental-joliet-il,
/p/guide-to-family-reunion-pool-rental-lees-summit-mo,1,2026-07-15,2026-07-15,0,0,200,,False,event-guest,KEEP (live page),/p/guide-to-family-reunion-pool-rental-lees-summit-mo,
/p/guide-to-family-reunion-pool-rental-mesa-az,1,2026-07-15,2026-07-15,0,0,200,,False,event-guest,KEEP (live page),/p/guide-to-family-reunion-pool-rental-mesa-az,
/p/guide-to-family-reunion-pool-rental-mission-tx,1,2026-07-15,2026-07-15,0,0,200,,False,event-guest,KEEP (live page),/p/guide-to-family-reunion-pool-rental-mission-tx,
/p/guide-to-family-reunion-pool-rental-peoria-il,1,2026-07-15,2026-07-15,4,58,200,,False,event-guest,KEEP (live page),/p/guide-to-family-reunion-pool-rental-peoria-il,
/p/guide-to-graduation-party-pool-rental-jeffersonville-in,1,2026-07-15,2026-07-15,0,0,200,,False,event-guest,KEEP (live page),/p/guide-to-graduation-party-pool-rental-jeffersonville-in,
/p/guide-to-graduation-party-pool-rental-palm-bay-fl,1,2026-07-15,2026-07-15,0,0,200,,False,event-guest,KEEP (live page),/p/guide-to-graduation-party-pool-rental-palm-bay-fl,
/p/guide-to-graduation-party-pool-rental-sumter-sc,1,2026-07-15,2026-07-15,0,0,200,,False,event-guest,KEEP (live page),/p/guide-to-graduation-party-pool-rental-sumter-sc,
/p/guide-to-kids-birthday-party-pool-rental-buckeye-az,1,2026-09-16,2026-09-16,0,0,200,,False,event-guest,KEEP (live page),/p/guide-to-kids-birthday-party-pool-rental-buckeye-az,
/p/guide-to-kids-birthday-party-pool-rental-hinesville-ga,1,2026-07-15,2026-07-15,0,0,200,,False,event-guest,KEEP (live page),/p/guide-to-kids-birthday-party-pool-rental-hinesville-ga,
/p/guide-to-kids-birthday-party-pool-rental-lenexa-ks,1,2026-07-15,2026-07-15,0,0,200,,False,event-guest,KEEP (live page),/p/guide-to-kids-birthday-party-pool-rental-lenexa-ks,
/p/guide-to-kids-birthday-party-pool-rental-mansfield-tx,1,2026-07-15,2026-07-15,0,0,200,,False,event-guest,KEEP (live page),/p/guide-to-kids-birthday-party-pool-rental-mansfield-tx,
/p/guide-to-kids-birthday-party-pool-rental-oshkosh-wi,1,2026-07-15,2026-07-15,0,0,200,,False,event-guest,KEEP (live page),/p/guide-to-kids-birthday-party-pool-rental-oshkosh-wi,
/p/guide-to-kids-birthday-party-pool-rental-palm-bay-fl,1,2026-07-15,2026-07-15,2,21,200,,False,event-guest,KEEP (live page),/p/guide-to-kids-birthday-party-pool-rental-palm-bay-fl,
/p/harrisburg-pa,1,2026-07-29,2026-07-29,0,0,301,/p/become-a-swimming-pool-host-harrisburg-pa,True,guest-city,2 public-pools city hub,/public-pools/pennsylvania/harrisburg/,
/p/jessup-md,1,2026-09-17,2026-09-17,0,0,404,,False,guest-city,3 search,/s?address=Jessup%2C+MD,
/p/kansas-city-ks,1,2026-07-16,2026-07-16,0,0,301,/p/become-a-swimming-pool-host-kansas-city-ks,True,guest-city,3 search,/s?address=Kansas+City%2C+KS,
/p/kansas-city-mo,1,2026-07-16,2026-07-16,0,0,301,/p/become-a-swimming-pool-host-kansas-city-mo,True,guest-city,2 public-pools city hub,/public-pools/missouri/kansas-city/,
/p/keller-tx,1,2026-07-15,2026-07-15,0,0,200,,False,guest-city,KEEP (live page),/p/keller-tx,
/p/kenmore-wa,1,2026-09-22,2026-09-22,0,0,404,,False,guest-city,3 search,/s?address=Kenmore%2C+WA,
/p/kent-wa,1,2026-09-22,2026-09-22,0,0,404,,False,guest-city,3 search,/s?address=Kent%2C+WA,
/p/kids-birthday-pool-party-salina-ks,1,2026-07-15,2026-07-15,0,0,200,,False,guest-city,KEEP (live page),/p/kids-birthday-pool-party-salina-ks,
/p/kids-birthday-pool-party-victorville-ca,1,2026-07-15,2026-07-15,0,0,200,,False,guest-city,KEEP (live page),/p/kids-birthday-pool-party-victorville-ca,
/p/kirkland-wa,1,2026-09-22,2026-09-22,0,0,404,,False,guest-city,3 search,/s?address=Kirkland%2C+WA,
/p/lansdowne-md,1,2026-09-21,2026-09-21,0,0,404,,False,guest-city,3 search,/s?address=Lansdowne%2C+MD,
/p/laredo-tx,1,2026-07-29,2026-07-29,0,0,301,/p/become-a-swimming-pool-host-laredo-tx,True,guest-city,2 public-pools city hub,/public-pools/texas/laredo/,
/p/los-alamitos-ca,1,2026-07-07,2026-07-07,0,0,301,/p/become-a-swimming-pool-host-los-alamitos-ca,True,guest-city,3 search,/s?address=Los+Alamitos%2C+CA,
/p/louisville-oh,1,2026-07-11,2026-07-11,0,0,301,/p/become-a-swimming-pool-host-louisville-oh,True,guest-city,3 search,/s?address=Louisville%2C+OH,
/p/lynnwood-wa,1,2026-09-22,2026-09-22,0,0,404,,False,guest-city,2 public-pools city hub,/public-pools/washington/lynnwood/,
/p/marysville-wa,1,2026-09-22,2026-09-22,0,0,404,,False,guest-city,3 search,/s?address=Marysville%2C+WA,
/p/minneapolis-mn,1,2026-07-29,2026-07-29,0,0,301,/p/become-a-swimming-pool-host-minneapolis-mn,True,guest-city,2 public-pools city hub,/public-pools/minnesota/minneapolis/,
/p/north-augusta-sc,1,2026-09-23,2026-09-23,0,0,404,,False,guest-city,3 search,/s?address=North+Augusta%2C+SC,
/p/olympia-wa,1,2026-09-22,2026-09-22,0,0,404,,False,guest-city,3 search,/s?address=Olympia%2C+WA,
/p/palmdale-ca,1,2026-09-17,2026-09-17,0,0,404,,False,guest-city,2 public-pools city hub,/public-pools/california/palmdale/,
/p/philadelphia-pa,1,2026-07-29,2026-07-29,0,0,301,/p/become-a-swimming-pool-host-philadelphia-pa,True,guest-city,2 public-pools city hub,/public-pools/pennsylvania/philadelphia/,
/p/phoenix-az,1,2026-07-15,2026-07-15,0,0,301,/p/become-a-swimming-pool-host-phoenix-az,True,guest-city,2 public-pools city hub,/public-pools/arizona/phoenix/,
/p/pool-party-ideas-las-vegas-nv,1,2026-08-10,2026-08-10,0,0,404,,False,guest-city,3 search,/s?address=Pool+Party+Ideas+Las+Vegas%2C+NV,
/p/pool-party-venues-austin-tx,1,2026-08-10,2026-08-10,0,0,404,,False,guest-city,3 search,/s?address=Pool+Party+Venues+Austin%2C+TX,
/p/pool-rental-cresson-tx,1,2026-09-13,2026-09-13,0,0,404,,False,guest-city,3 search,/s?address=Pool+Rental+Cresson%2C+TX,
/p/pool-rental-las-vegas-nv,1,2026-09-22,2026-09-22,0,0,404,,False,guest-city,3 search,/s?address=Pool+Rental+Las+Vegas%2C+NV,
/p/pool-rental-phoenix-az,1,2026-09-22,2026-09-22,0,0,404,,False,guest-city,3 search,/s?address=Pool+Rental+Phoenix%2C+AZ,
/p/redlands-ca,1,2026-09-13,2026-09-13,0,0,404,,False,guest-city,2 public-pools city hub,/public-pools/california/redlands/,
/p/rent-a-pool-for-a-birthday-party-portland-or,1,2026-08-10,2026-08-10,0,0,404,,False,guest-city,3 search,/s?address=Rent+A+Pool+For+A+Birthday+Party+Portland%2C+OR,
/p/riverside-ca,1,2026-09-01,2026-09-01,0,0,404,,False,guest-city,1 guest city page,/p/riverside,"Pool Rentals in Riverside, CA — Private Pools by the Hour"
/p/robertsville-nj,1,2026-09-16,2026-09-16,0,0,200,,False,guest-city,KEEP (live page),/p/robertsville-nj,
/p/roxborough-park-co,1,2026-07-15,2026-07-15,0,0,200,,False,guest-city,KEEP (live page),/p/roxborough-park-co,
/p/seattle-wa,1,2026-07-29,2026-07-29,0,0,301,/p/become-a-swimming-pool-host-seattle-wa,True,guest-city,2 public-pools city hub,/public-pools/washington/seattle/,
/p/shelby-nc,1,2026-07-16,2026-07-16,0,0,301,/p/become-a-swimming-pool-host-shelby-nc,True,guest-city,3 search,/s?address=Shelby%2C+NC,
/p/spokane-wa,1,2026-07-29,2026-07-29,0,0,301,/p/become-a-swimming-pool-host-spokane-wa,True,guest-city,2 public-pools city hub,/public-pools/washington/spokane/,
/p/tacoma-wa,1,2026-09-22,2026-09-22,0,0,404,,False,guest-city,3 search,/s?address=Tacoma%2C+WA,
/p/the-woodlands-tx,1,2026-07-20,2026-07-20,0,0,301,/p/become-a-swimming-pool-host-the-woodlands-tx,True,guest-city,3 search,/s?address=The+Woodlands%2C+TX,
/p/weddington-nc,1,2026-07-15,2026-07-15,0,0,200,,False,event-guest,KEEP (live page),/p/weddington-nc,
/p/worcester-ma,1,2026-07-29,2026-07-29,0,0,301,/p/become-a-swimming-pool-host-worcester-ma,True,guest-city,2 public-pools city hub,/public-pools/massachusetts/worcester/,
/p/your-data-is-safe-privacy-policy-at-pool-rental-near-me,1,2026-09-13,2026-09-13,0,0,404,,False,guest-city,3 search,/s?address=Your+Data+Is+Safe+Privacy+Policy+At+Pool+Rental+Near%2C+ME,
